{
    "world_size_x": 20,
    "world_size_y": 20,
    "organisms_count": 20,
    "turn": 40,
    "human_turn": true,
    "special_ability_used": false,
    "organisms": [
        [
            6,
            10,
            true,
            21,
            10,
            "O"
        ],
        [
            12,
            1,
            true,
            15,
            0,
            "D"
        ],
        [
            14,
            10,
            true,
            0,
            3,
            "F"
        ],
        [
            15,
            6,
            true,
            0,
            12,
            "W"
        ],
        [
            12,
            0,
            true,
            0,
            0,
            "D"
        ],
        [
            3,
            1,
            true,
            0,
            0,
            "U"
        ],
        [
            14,
            0,
            true,
            0,
            99,
            "N"
        ],
        [
            15,
            16,
            true,
            0,
            10,
            "O"
        ],
        [
            4,
            18,
            true,
            0,
            0,
            "D"
        ],
        [
            5,
            5,
            true,
            0,
            10,
            "O"
        ],
        [
            10,
            3,
            true,
            0,
            10,
            "O"
        ],
        [
            1,
            8,
            true,
            0,
            10,
            "O"
        ]
    ],
    "human": [
        16,
        2,
        true,
        0,
        5,
        0,
        0
    ],
    "logs": "Start of logs...\nWolf killed Grass\nHuman killed Turtle\nAntelope killed Grass\nWolf killed Antelope\nDandelion reproduced\nWolf killed Guarana\nHogweed killed Antelope\nSaving game..."
}